George H. W. Bush	George H. W. Bush	"George H. W. Bush
After leaving office, Bush and his wife built a retirement house in the community of West Oaks, Houston. He established a presidential office within the Park Laureate Building on Memorial Drive in Houston. He also frequently spent time at his vacation home in Kennebunkport, took annual cruises in Greece, went on fishing trips in Florida, and visited the Bohemian Club in Northern California. He declined to serve on corporate boards but delivered numerous paid speeches and was an adviser to The Carlyle Group, a private equity firm. He never published his memoirs, but he and Brent Scowcroft co-wrote A World Transformed, a 1998 work on foreign policy. Portions of his letters and his diary were later published as The China Diary of George H. W. Bush and All the Best, George Bush."
George H. W. Bush	George H. W. Bush	"George H. W. Bush
Bush supported his son's candidacy in the 2000 presidential election but did not actively campaign in the election and did not deliver a speech at the 2000 Republican National Convention. George W. Bush defeated Al Gore in the 2000 election and was re-elected in 2004. Bush and his son thus became the second father–son pair to each serve as President of the United States, following John Adams and John Quincy Adams. Through previous administrations, the elder Bush had ubiquitously been known as ""George Bush"" or ""President Bush"", but following his son's election, the need to distinguish between them has made retronymic forms such as ""George H. W. Bush"" and ""George Bush Sr."" and colloquialisms such as ""Bush 41"" and ""Bush the Elder"" more common. Bush advised his son on some personnel choices, approving of the selection of Dick Cheney as running mate and the retention of George Tenet as CIA Director. However, he was not consulted on all appointments, including"
George H. W. Bush	George H. W. Bush	"George H. W. Bush
running mate and the retention of George Tenet as CIA Director. However, he was not consulted on all appointments, including that of his old rival, Donald Rumsfeld, as Secretary of Defense. Though he avoided giving unsolicited advice to his son, Bush and his son also discussed some policy matters, especially regarding national security issues."
George H. W. Bush	George H. W. Bush	"George H. W. Bush
In 1990, Time magazine named him the Man of the Year. In 1997, the Houston Intercontinental Airport was renamed as the George Bush Intercontinental Airport. In 1999, the CIA headquarters in Langley, Virginia, was named the George Bush Center for Intelligence in his honor. In 2011, Bush, an avid golfer, was inducted in the World Golf Hall of Fame. The USS George H.W. Bush (CVN-77), the tenth and last Nimitz-class supercarrier of the United States Navy, was named for Bush. Bush is commemorated on a postage stamp that was issued by the United States Postal Service in 2019. In December 2020, the United States Mint honored Bush with a presidential dollar coin."
Started	Started	"Started
""Started"" is a song recorded by Australian rapper Iggy Azalea for her second studio album In My Defense. The song was written by Azalea alongside Ronny Wright and produced by American record producer J. White Did It. It was released by Bad Dreams and Empire on 3 May 2019 as the second single from the album. An accompanying music video for the track, directed by Colin Tilley, was shot the prior month in Los Angeles, California and also premiered that day."
Started	Started	"Started
""Started"" is a hip hop song, with a length of three minutes and six seconds. It was written by Azalea and Ronny Wright and produced by J. White Did It, who had also produced Azalea's previous single ""Sally Walker"". The track finds Azalea boasting, ""I started from the bottom and now I'm rich... You started out hating, now you love my drip."" It is described as an unapologetic ""brag-heavy cut [...] club banger about making your way to success after having nothing"" and was noted to borrowing and twisting the Drake line ""started from the bottom,"" by adding ""and now I'm rich""."
Started	Started	"Started
A music video for the track was shot in April 2019 in a Los Angeles mansion in California. It was directed by Colin Tilley, who also directed the music videos for Azalea's previous singles, ""Savior"", ""Kream"" and ""Sally Walker"". Azalea said she considered it her best yet by tweeting, ""Started is the best video I've ever made."" After changing her Twitter layout and unveiling the cover artwork, Azalea followed up her announcement tweet with: ""Imagine NOT knowing an Anna Nicole Smith quote when you see one. Can’t relate,"" and implied the visuals would reference Smith. She then regularly shared more stills from the video on social media, with the presence of a ""sugar daddy"" and flaunting a lavish lifestyle suggesting the main themes to be wealth and gold digging. She also posted pictures on set of the visuals with drag queen Trixie Mattel and tweeted: ""I wrote a scene just for her in sallywalker but she was on tour so"
Started	Started	"Started
queen Trixie Mattel and tweeted: ""I wrote a scene just for her in sallywalker but she was on tour so I HAD to write her into the story for started when I found out she’d be in town."" Azalea confirmed the video would be dropping on the same day."
Started	Started	"Started
""Started"" music video on YouTube"
